"IsReadOnly","IsFixedSize","IsSynchronized","Keys","Values","SyncRoot","Count"
"False","False","False","System.Collections.Hashtable+KeyCollection","System.Collections.Hashtable+ValueCollection","System.Object","3"
"False","False","False","System.Collections.Hashtable+KeyCollection","System.Collections.Hashtable+ValueCollection","System.Object","3"
"False","False","False","System.Collections.Hashtable+KeyCollection","System.Collections.Hashtable+ValueCollection","System.Object","3"
"False","False","False","System.Collections.Hashtable+KeyCollection","System.Collections.Hashtable+ValueCollection","System.Object","3"
"False","False","False","System.Collections.Hashtable+KeyCollection","System.Collections.Hashtable+ValueCollection","System.Object","3"
"False","False","False","System.Collections.Hashtable+KeyCollection","System.Collections.Hashtable+ValueCollection","System.Object","3"
"False","False","False","System.Collections.Hashtable+KeyCollection","System.Collections.Hashtable+ValueCollection","System.Object","3"
"False","False","False","System.Collections.Hashtable+KeyCollection","System.Collections.Hashtable+ValueCollection","System.Object","3"
"False","False","False","System.Collections.Hashtable+KeyCollection","System.Collections.Hashtable+ValueCollection","System.Object","3"
"False","False","False","System.Collections.Hashtable+KeyCollection","System.Collections.Hashtable+ValueCollection","System.Object","3"
"False","False","False","System.Collections.Hashtable+KeyCollection","System.Collections.Hashtable+ValueCollection","System.Object","3"
"False","False","False","System.Collections.Hashtable+KeyCollection","System.Collections.Hashtable+ValueCollection","System.Object","3"
"False","False","False","System.Collections.Hashtable+KeyCollection","System.Collections.Hashtable+ValueCollection","System.Object","3"
"False","False","False","System.Collections.Hashtable+KeyCollection","System.Collections.Hashtable+ValueCollection","System.Object","3"
"False","False","False","System.Collections.Hashtable+KeyCollection","System.Collections.Hashtable+ValueCollection","System.Object","3"
"False","False","False","System.Collections.Hashtable+KeyCollection","System.Collections.Hashtable+ValueCollection","System.Object","3"
"False","False","False","System.Collections.Hashtable+KeyCollection","System.Collections.Hashtable+ValueCollection","System.Object","3"
"False","False","False","System.Collections.Hashtable+KeyCollection","System.Collections.Hashtable+ValueCollection","System.Object","3"
"False","False","False","System.Collections.Hashtable+KeyCollection","System.Collections.Hashtable+ValueCollection","System.Object","3"
"False","False","False","System.Collections.Hashtable+KeyCollection","System.Collections.Hashtable+ValueCollection","System.Object","3"
"False","False","False","System.Collections.Hashtable+KeyCollection","System.Collections.Hashtable+ValueCollection","System.Object","3"
"False","False","False","System.Collections.Hashtable+KeyCollection","System.Collections.Hashtable+ValueCollection","System.Object","3"
"False","False","False","System.Collections.Hashtable+KeyCollection","System.Collections.Hashtable+ValueCollection","System.Object","3"
"False","False","False","System.Collections.Hashtable+KeyCollection","System.Collections.Hashtable+ValueCollection","System.Object","3"
"False","False","False","System.Collections.Hashtable+KeyCollection","System.Collections.Hashtable+ValueCollection","System.Object","3"
"False","False","False","System.Collections.Hashtable+KeyCollection","System.Collections.Hashtable+ValueCollection","System.Object","3"
"False","False","False","System.Collections.Hashtable+KeyCollection","System.Collections.Hashtable+ValueCollection","System.Object","3"
"False","False","False","System.Collections.Hashtable+KeyCollection","System.Collections.Hashtable+ValueCollection","System.Object","3"
"False","False","False","System.Collections.Hashtable+KeyCollection","System.Collections.Hashtable+ValueCollection","System.Object","3"
"False","False","False","System.Collections.Hashtable+KeyCollection","System.Collections.Hashtable+ValueCollection","System.Object","3"
"False","False","False","System.Collections.Hashtable+KeyCollection","System.Collections.Hashtable+ValueCollection","System.Object","3"
"False","False","False","System.Collections.Hashtable+KeyCollection","System.Collections.Hashtable+ValueCollection","System.Object","3"
"False","False","False","System.Collections.Hashtable+KeyCollection","System.Collections.Hashtable+ValueCollection","System.Object","3"
"False","False","False","System.Collections.Hashtable+KeyCollection","System.Collections.Hashtable+ValueCollection","System.Object","3"
"False","False","False","System.Collections.Hashtable+KeyCollection","System.Collections.Hashtable+ValueCollection","System.Object","3"
"False","False","False","System.Collections.Hashtable+KeyCollection","System.Collections.Hashtable+ValueCollection","System.Object","3"
"False","False","False","System.Collections.Hashtable+KeyCollection","System.Collections.Hashtable+ValueCollection","System.Object","3"
"False","False","False","System.Collections.Hashtable+KeyCollection","System.Collections.Hashtable+ValueCollection","System.Object","3"
"False","False","False","System.Collections.Hashtable+KeyCollection","System.Collections.Hashtable+ValueCollection","System.Object","3"
"False","False","False","System.Collections.Hashtable+KeyCollection","System.Collections.Hashtable+ValueCollection","System.Object","3"
"False","False","False","System.Collections.Hashtable+KeyCollection","System.Collections.Hashtable+ValueCollection","System.Object","3"
"False","False","False","System.Collections.Hashtable+KeyCollection","System.Collections.Hashtable+ValueCollection","System.Object","3"
"False","False","False","System.Collections.Hashtable+KeyCollection","System.Collections.Hashtable+ValueCollection","System.Object","3"
"False","False","False","System.Collections.Hashtable+KeyCollection","System.Collections.Hashtable+ValueCollection","System.Object","3"
"False","False","False","System.Collections.Hashtable+KeyCollection","System.Collections.Hashtable+ValueCollection","System.Object","3"
"False","False","False","System.Collections.Hashtable+KeyCollection","System.Collections.Hashtable+ValueCollection","System.Object","3"
"False","False","False","System.Collections.Hashtable+KeyCollection","System.Collections.Hashtable+ValueCollection","System.Object","3"
"False","False","False","System.Collections.Hashtable+KeyCollection","System.Collections.Hashtable+ValueCollection","System.Object","3"
"False","False","False","System.Collections.Hashtable+KeyCollection","System.Collections.Hashtable+ValueCollection","System.Object","3"
"False","False","False","System.Collections.Hashtable+KeyCollection","System.Collections.Hashtable+ValueCollection","System.Object","3"
"False","False","False","System.Collections.Hashtable+KeyCollection","System.Collections.Hashtable+ValueCollection","System.Object","3"
"False","False","False","System.Collections.Hashtable+KeyCollection","System.Collections.Hashtable+ValueCollection","System.Object","3"
"False","False","False","System.Collections.Hashtable+KeyCollection","System.Collections.Hashtable+ValueCollection","System.Object","3"
"False","False","False","System.Collections.Hashtable+KeyCollection","System.Collections.Hashtable+ValueCollection","System.Object","3"
"False","False","False","System.Collections.Hashtable+KeyCollection","System.Collections.Hashtable+ValueCollection","System.Object","3"
"False","False","False","System.Collections.Hashtable+KeyCollection","System.Collections.Hashtable+ValueCollection","System.Object","3"
"False","False","False","System.Collections.Hashtable+KeyCollection","System.Collections.Hashtable+ValueCollection","System.Object","3"
"False","False","False","System.Collections.Hashtable+KeyCollection","System.Collections.Hashtable+ValueCollection","System.Object","3"
"False","False","False","System.Collections.Hashtable+KeyCollection","System.Collections.Hashtable+ValueCollection","System.Object","3"
"False","False","False","System.Collections.Hashtable+KeyCollection","System.Collections.Hashtable+ValueCollection","System.Object","3"
"False","False","False","System.Collections.Hashtable+KeyCollection","System.Collections.Hashtable+ValueCollection","System.Object","3"
"False","False","False","System.Collections.Hashtable+KeyCollection","System.Collections.Hashtable+ValueCollection","System.Object","3"
"False","False","False","System.Collections.Hashtable+KeyCollection","System.Collections.Hashtable+ValueCollection","System.Object","3"
"False","False","False","System.Collections.Hashtable+KeyCollection","System.Collections.Hashtable+ValueCollection","System.Object","3"
"False","False","False","System.Collections.Hashtable+KeyCollection","System.Collections.Hashtable+ValueCollection","System.Object","3"
"False","False","False","System.Collections.Hashtable+KeyCollection","System.Collections.Hashtable+ValueCollection","System.Object","3"
"False","False","False","System.Collections.Hashtable+KeyCollection","System.Collections.Hashtable+ValueCollection","System.Object","3"
"False","False","False","System.Collections.Hashtable+KeyCollection","System.Collections.Hashtable+ValueCollection","System.Object","3"
"False","False","False","System.Collections.Hashtable+KeyCollection","System.Collections.Hashtable+ValueCollection","System.Object","3"
"False","False","False","System.Collections.Hashtable+KeyCollection","System.Collections.Hashtable+ValueCollection","System.Object","3"
"False","False","False","System.Collections.Hashtable+KeyCollection","System.Collections.Hashtable+ValueCollection","System.Object","3"
"False","False","False","System.Collections.Hashtable+KeyCollection","System.Collections.Hashtable+ValueCollection","System.Object","3"
"False","False","False","System.Collections.Hashtable+KeyCollection","System.Collections.Hashtable+ValueCollection","System.Object","3"
"False","False","False","System.Collections.Hashtable+KeyCollection","System.Collections.Hashtable+ValueCollection","System.Object","3"
"False","False","False","System.Collections.Hashtable+KeyCollection","System.Collections.Hashtable+ValueCollection","System.Object","3"
"False","False","False","System.Collections.Hashtable+KeyCollection","System.Collections.Hashtable+ValueCollection","System.Object","3"
"False","False","False","System.Collections.Hashtable+KeyCollection","System.Collections.Hashtable+ValueCollection","System.Object","3"
"False","False","False","System.Collections.Hashtable+KeyCollection","System.Collections.Hashtable+ValueCollection","System.Object","3"
"False","False","False","System.Collections.Hashtable+KeyCollection","System.Collections.Hashtable+ValueCollection","System.Object","3"
"False","False","False","System.Collections.Hashtable+KeyCollection","System.Collections.Hashtable+ValueCollection","System.Object","3"
"False","False","False","System.Collections.Hashtable+KeyCollection","System.Collections.Hashtable+ValueCollection","System.Object","3"
"False","False","False","System.Collections.Hashtable+KeyCollection","System.Collections.Hashtable+ValueCollection","System.Object","3"
"False","False","False","System.Collections.Hashtable+KeyCollection","System.Collections.Hashtable+ValueCollection","System.Object","3"
"False","False","False","System.Collections.Hashtable+KeyCollection","System.Collections.Hashtable+ValueCollection","System.Object","3"
"False","False","False","System.Collections.Hashtable+KeyCollection","System.Collections.Hashtable+ValueCollection","System.Object","3"
"False","False","False","System.Collections.Hashtable+KeyCollection","System.Collections.Hashtable+ValueCollection","System.Object","3"
"False","False","False","System.Collections.Hashtable+KeyCollection","System.Collections.Hashtable+ValueCollection","System.Object","3"
"False","False","False","System.Collections.Hashtable+KeyCollection","System.Collections.Hashtable+ValueCollection","System.Object","3"
"False","False","False","System.Collections.Hashtable+KeyCollection","System.Collections.Hashtable+ValueCollection","System.Object","3"
"False","False","False","System.Collections.Hashtable+KeyCollection","System.Collections.Hashtable+ValueCollection","System.Object","3"
"False","False","False","System.Collections.Hashtable+KeyCollection","System.Collections.Hashtable+ValueCollection","System.Object","3"
"False","False","False","System.Collections.Hashtable+KeyCollection","System.Collections.Hashtable+ValueCollection","System.Object","3"
"False","False","False","System.Collections.Hashtable+KeyCollection","System.Collections.Hashtable+ValueCollection","System.Object","3"
"False","False","False","System.Collections.Hashtable+KeyCollection","System.Collections.Hashtable+ValueCollection","System.Object","3"
"False","False","False","System.Collections.Hashtable+KeyCollection","System.Collections.Hashtable+ValueCollection","System.Object","3"
"False","False","False","System.Collections.Hashtable+KeyCollection","System.Collections.Hashtable+ValueCollection","System.Object","3"
"False","False","False","System.Collections.Hashtable+KeyCollection","System.Collections.Hashtable+ValueCollection","System.Object","3"
"False","False","False","System.Collections.Hashtable+KeyCollection","System.Collections.Hashtable+ValueCollection","System.Object","3"
"False","False","False","System.Collections.Hashtable+KeyCollection","System.Collections.Hashtable+ValueCollection","System.Object","3"
"False","False","False","System.Collections.Hashtable+KeyCollection","System.Collections.Hashtable+ValueCollection","System.Object","3"
"False","False","False","System.Collections.Hashtable+KeyCollection","System.Collections.Hashtable+ValueCollection","System.Object","3"
"False","False","False","System.Collections.Hashtable+KeyCollection","System.Collections.Hashtable+ValueCollection","System.Object","3"
"False","False","False","System.Collections.Hashtable+KeyCollection","System.Collections.Hashtable+ValueCollection","System.Object","3"
"False","False","False","System.Collections.Hashtable+KeyCollection","System.Collections.Hashtable+ValueCollection","System.Object","3"
"False","False","False","System.Collections.Hashtable+KeyCollection","System.Collections.Hashtable+ValueCollection","System.Object","3"
"False","False","False","System.Collections.Hashtable+KeyCollection","System.Collections.Hashtable+ValueCollection","System.Object","3"
"False","False","False","System.Collections.Hashtable+KeyCollection","System.Collections.Hashtable+ValueCollection","System.Object","3"
"False","False","False","System.Collections.Hashtable+KeyCollection","System.Collections.Hashtable+ValueCollection","System.Object","3"
"False","False","False","System.Collections.Hashtable+KeyCollection","System.Collections.Hashtable+ValueCollection","System.Object","3"
"False","False","False","System.Collections.Hashtable+KeyCollection","System.Collections.Hashtable+ValueCollection","System.Object","3"
"False","False","False","System.Collections.Hashtable+KeyCollection","System.Collections.Hashtable+ValueCollection","System.Object","3"
"False","False","False","System.Collections.Hashtable+KeyCollection","System.Collections.Hashtable+ValueCollection","System.Object","3"
"False","False","False","System.Collections.Hashtable+KeyCollection","System.Collections.Hashtable+ValueCollection","System.Object","3"
"False","False","False","System.Collections.Hashtable+KeyCollection","System.Collections.Hashtable+ValueCollection","System.Object","3"
"False","False","False","System.Collections.Hashtable+KeyCollection","System.Collections.Hashtable+ValueCollection","System.Object","3"
"False","False","False","System.Collections.Hashtable+KeyCollection","System.Collections.Hashtable+ValueCollection","System.Object","3"
"False","False","False","System.Collections.Hashtable+KeyCollection","System.Collections.Hashtable+ValueCollection","System.Object","3"
"False","False","False","System.Collections.Hashtable+KeyCollection","System.Collections.Hashtable+ValueCollection","System.Object","3"
"False","False","False","System.Collections.Hashtable+KeyCollection","System.Collections.Hashtable+ValueCollection","System.Object","3"
"False","False","False","System.Collections.Hashtable+KeyCollection","System.Collections.Hashtable+ValueCollection","System.Object","3"
"False","False","False","System.Collections.Hashtable+KeyCollection","System.Collections.Hashtable+ValueCollection","System.Object","3"
"False","False","False","System.Collections.Hashtable+KeyCollection","System.Collections.Hashtable+ValueCollection","System.Object","3"
"False","False","False","System.Collections.Hashtable+KeyCollection","System.Collections.Hashtable+ValueCollection","System.Object","3"
"False","False","False","System.Collections.Hashtable+KeyCollection","System.Collections.Hashtable+ValueCollection","System.Object","3"
"False","False","False","System.Collections.Hashtable+KeyCollection","System.Collections.Hashtable+ValueCollection","System.Object","3"
"False","False","False","System.Collections.Hashtable+KeyCollection","System.Collections.Hashtable+ValueCollection","System.Object","3"
"False","False","False","System.Collections.Hashtable+KeyCollection","System.Collections.Hashtable+ValueCollection","System.Object","3"
"False","False","False","System.Collections.Hashtable+KeyCollection","System.Collections.Hashtable+ValueCollection","System.Object","3"
"False","False","False","System.Collections.Hashtable+KeyCollection","System.Collections.Hashtable+ValueCollection","System.Object","3"
"False","False","False","System.Collections.Hashtable+KeyCollection","System.Collections.Hashtable+ValueCollection","System.Object","3"
"False","False","False","System.Collections.Hashtable+KeyCollection","System.Collections.Hashtable+ValueCollection","System.Object","3"
"False","False","False","System.Collections.Hashtable+KeyCollection","System.Collections.Hashtable+ValueCollection","System.Object","3"
"False","False","False","System.Collections.Hashtable+KeyCollection","System.Collections.Hashtable+ValueCollection","System.Object","3"
"False","False","False","System.Collections.Hashtable+KeyCollection","System.Collections.Hashtable+ValueCollection","System.Object","3"
"False","False","False","System.Collections.Hashtable+KeyCollection","System.Collections.Hashtable+ValueCollection","System.Object","3"
"False","False","False","System.Collections.Hashtable+KeyCollection","System.Collections.Hashtable+ValueCollection","System.Object","3"
"False","False","False","System.Collections.Hashtable+KeyCollection","System.Collections.Hashtable+ValueCollection","System.Object","3"
"False","False","False","System.Collections.Hashtable+KeyCollection","System.Collections.Hashtable+ValueCollection","System.Object","3"
"False","False","False","System.Collections.Hashtable+KeyCollection","System.Collections.Hashtable+ValueCollection","System.Object","3"
"False","False","False","System.Collections.Hashtable+KeyCollection","System.Collections.Hashtable+ValueCollection","System.Object","3"
"False","False","False","System.Collections.Hashtable+KeyCollection","System.Collections.Hashtable+ValueCollection","System.Object","3"
"False","False","False","System.Collections.Hashtable+KeyCollection","System.Collections.Hashtable+ValueCollection","System.Object","3"
"False","False","False","System.Collections.Hashtable+KeyCollection","System.Collections.Hashtable+ValueCollection","System.Object","3"
"False","False","False","System.Collections.Hashtable+KeyCollection","System.Collections.Hashtable+ValueCollection","System.Object","3"
"False","False","False","System.Collections.Hashtable+KeyCollection","System.Collections.Hashtable+ValueCollection","System.Object","3"
"False","False","False","System.Collections.Hashtable+KeyCollection","System.Collections.Hashtable+ValueCollection","System.Object","3"
"False","False","False","System.Collections.Hashtable+KeyCollection","System.Collections.Hashtable+ValueCollection","System.Object","3"
"False","False","False","System.Collections.Hashtable+KeyCollection","System.Collections.Hashtable+ValueCollection","System.Object","3"
"False","False","False","System.Collections.Hashtable+KeyCollection","System.Collections.Hashtable+ValueCollection","System.Object","3"
"False","False","False","System.Collections.Hashtable+KeyCollection","System.Collections.Hashtable+ValueCollection","System.Object","3"
"False","False","False","System.Collections.Hashtable+KeyCollection","System.Collections.Hashtable+ValueCollection","System.Object","3"
"False","False","False","System.Collections.Hashtable+KeyCollection","System.Collections.Hashtable+ValueCollection","System.Object","3"
"False","False","False","System.Collections.Hashtable+KeyCollection","System.Collections.Hashtable+ValueCollection","System.Object","3"
"False","False","False","System.Collections.Hashtable+KeyCollection","System.Collections.Hashtable+ValueCollection","System.Object","3"
"False","False","False","System.Collections.Hashtable+KeyCollection","System.Collections.Hashtable+ValueCollection","System.Object","3"
"False","False","False","System.Collections.Hashtable+KeyCollection","System.Collections.Hashtable+ValueCollection","System.Object","3"
"False","False","False","System.Collections.Hashtable+KeyCollection","System.Collections.Hashtable+ValueCollection","System.Object","3"
"False","False","False","System.Collections.Hashtable+KeyCollection","System.Collections.Hashtable+ValueCollection","System.Object","3"
"False","False","False","System.Collections.Hashtable+KeyCollection","System.Collections.Hashtable+ValueCollection","System.Object","3"
"False","False","False","System.Collections.Hashtable+KeyCollection","System.Collections.Hashtable+ValueCollection","System.Object","3"
"False","False","False","System.Collections.Hashtable+KeyCollection","System.Collections.Hashtable+ValueCollection","System.Object","3"
"False","False","False","System.Collections.Hashtable+KeyCollection","System.Collections.Hashtable+ValueCollection","System.Object","3"
"False","False","False","System.Collections.Hashtable+KeyCollection","System.Collections.Hashtable+ValueCollection","System.Object","3"
"False","False","False","System.Collections.Hashtable+KeyCollection","System.Collections.Hashtable+ValueCollection","System.Object","3"
"False","False","False","System.Collections.Hashtable+KeyCollection","System.Collections.Hashtable+ValueCollection","System.Object","3"
"False","False","False","System.Collections.Hashtable+KeyCollection","System.Collections.Hashtable+ValueCollection","System.Object","3"
"False","False","False","System.Collections.Hashtable+KeyCollection","System.Collections.Hashtable+ValueCollection","System.Object","3"
"False","False","False","System.Collections.Hashtable+KeyCollection","System.Collections.Hashtable+ValueCollection","System.Object","3"
"False","False","False","System.Collections.Hashtable+KeyCollection","System.Collections.Hashtable+ValueCollection","System.Object","3"
"False","False","False","System.Collections.Hashtable+KeyCollection","System.Collections.Hashtable+ValueCollection","System.Object","3"
"False","False","False","System.Collections.Hashtable+KeyCollection","System.Collections.Hashtable+ValueCollection","System.Object","3"
"False","False","False","System.Collections.Hashtable+KeyCollection","System.Collections.Hashtable+ValueCollection","System.Object","3"
"False","False","False","System.Collections.Hashtable+KeyCollection","System.Collections.Hashtable+ValueCollection","System.Object","3"
"False","False","False","System.Collections.Hashtable+KeyCollection","System.Collections.Hashtable+ValueCollection","System.Object","3"
"False","False","False","System.Collections.Hashtable+KeyCollection","System.Collections.Hashtable+ValueCollection","System.Object","3"
"False","False","False","System.Collections.Hashtable+KeyCollection","System.Collections.Hashtable+ValueCollection","System.Object","3"
"False","False","False","System.Collections.Hashtable+KeyCollection","System.Collections.Hashtable+ValueCollection","System.Object","3"
"False","False","False","System.Collections.Hashtable+KeyCollection","System.Collections.Hashtable+ValueCollection","System.Object","3"
"False","False","False","System.Collections.Hashtable+KeyCollection","System.Collections.Hashtable+ValueCollection","System.Object","3"
"False","False","False","System.Collections.Hashtable+KeyCollection","System.Collections.Hashtable+ValueCollection","System.Object","3"
"False","False","False","System.Collections.Hashtable+KeyCollection","System.Collections.Hashtable+ValueCollection","System.Object","3"
"False","False","False","System.Collections.Hashtable+KeyCollection","System.Collections.Hashtable+ValueCollection","System.Object","3"
"False","False","False","System.Collections.Hashtable+KeyCollection","System.Collections.Hashtable+ValueCollection","System.Object","3"
"False","False","False","System.Collections.Hashtable+KeyCollection","System.Collections.Hashtable+ValueCollection","System.Object","3"
"False","False","False","System.Collections.Hashtable+KeyCollection","System.Collections.Hashtable+ValueCollection","System.Object","3"
"False","False","False","System.Collections.Hashtable+KeyCollection","System.Collections.Hashtable+ValueCollection","System.Object","3"
"False","False","False","System.Collections.Hashtable+KeyCollection","System.Collections.Hashtable+ValueCollection","System.Object","3"
"False","False","False","System.Collections.Hashtable+KeyCollection","System.Collections.Hashtable+ValueCollection","System.Object","3"
"False","False","False","System.Collections.Hashtable+KeyCollection","System.Collections.Hashtable+ValueCollection","System.Object","3"
"False","False","False","System.Collections.Hashtable+KeyCollection","System.Collections.Hashtable+ValueCollection","System.Object","3"
"False","False","False","System.Collections.Hashtable+KeyCollection","System.Collections.Hashtable+ValueCollection","System.Object","3"
"False","False","False","System.Collections.Hashtable+KeyCollection","System.Collections.Hashtable+ValueCollection","System.Object","3"
"False","False","False","System.Collections.Hashtable+KeyCollection","System.Collections.Hashtable+ValueCollection","System.Object","3"
"False","False","False","System.Collections.Hashtable+KeyCollection","System.Collections.Hashtable+ValueCollection","System.Object","3"
"False","False","False","System.Collections.Hashtable+KeyCollection","System.Collections.Hashtable+ValueCollection","System.Object","3"
"False","False","False","System.Collections.Hashtable+KeyCollection","System.Collections.Hashtable+ValueCollection","System.Object","3"
"False","False","False","System.Collections.Hashtable+KeyCollection","System.Collections.Hashtable+ValueCollection","System.Object","3"
"False","False","False","System.Collections.Hashtable+KeyCollection","System.Collections.Hashtable+ValueCollection","System.Object","3"
"False","False","False","System.Collections.Hashtable+KeyCollection","System.Collections.Hashtable+ValueCollection","System.Object","3"
"False","False","False","System.Collections.Hashtable+KeyCollection","System.Collections.Hashtable+ValueCollection","System.Object","3"
"False","False","False","System.Collections.Hashtable+KeyCollection","System.Collections.Hashtable+ValueCollection","System.Object","3"
"False","False","False","System.Collections.Hashtable+KeyCollection","System.Collections.Hashtable+ValueCollection","System.Object","3"
"False","False","False","System.Collections.Hashtable+KeyCollection","System.Collections.Hashtable+ValueCollection","System.Object","3"
"False","False","False","System.Collections.Hashtable+KeyCollection","System.Collections.Hashtable+ValueCollection","System.Object","3"
"False","False","False","System.Collections.Hashtable+KeyCollection","System.Collections.Hashtable+ValueCollection","System.Object","3"
"False","False","False","System.Collections.Hashtable+KeyCollection","System.Collections.Hashtable+ValueCollection","System.Object","3"
"False","False","False","System.Collections.Hashtable+KeyCollection","System.Collections.Hashtable+ValueCollection","System.Object","3"
"False","False","False","System.Collections.Hashtable+KeyCollection","System.Collections.Hashtable+ValueCollection","System.Object","3"
"False","False","False","System.Collections.Hashtable+KeyCollection","System.Collections.Hashtable+ValueCollection","System.Object","3"
"False","False","False","System.Collections.Hashtable+KeyCollection","System.Collections.Hashtable+ValueCollection","System.Object","3"
"False","False","False","System.Collections.Hashtable+KeyCollection","System.Collections.Hashtable+ValueCollection","System.Object","3"
"False","False","False","System.Collections.Hashtable+KeyCollection","System.Collections.Hashtable+ValueCollection","System.Object","3"
"False","False","False","System.Collections.Hashtable+KeyCollection","System.Collections.Hashtable+ValueCollection","System.Object","3"
"False","False","False","System.Collections.Hashtable+KeyCollection","System.Collections.Hashtable+ValueCollection","System.Object","3"
"False","False","False","System.Collections.Hashtable+KeyCollection","System.Collections.Hashtable+ValueCollection","System.Object","3"
"False","False","False","System.Collections.Hashtable+KeyCollection","System.Collections.Hashtable+ValueCollection","System.Object","3"
"False","False","False","System.Collections.Hashtable+KeyCollection","System.Collections.Hashtable+ValueCollection","System.Object","3"
"False","False","False","System.Collections.Hashtable+KeyCollection","System.Collections.Hashtable+ValueCollection","System.Object","3"
"False","False","False","System.Collections.Hashtable+KeyCollection","System.Collections.Hashtable+ValueCollection","System.Object","3"
"False","False","False","System.Collections.Hashtable+KeyCollection","System.Collections.Hashtable+ValueCollection","System.Object","3"
"False","False","False","System.Collections.Hashtable+KeyCollection","System.Collections.Hashtable+ValueCollection","System.Object","3"
"False","False","False","System.Collections.Hashtable+KeyCollection","System.Collections.Hashtable+ValueCollection","System.Object","3"
"False","False","False","System.Collections.Hashtable+KeyCollection","System.Collections.Hashtable+ValueCollection","System.Object","3"
"False","False","False","System.Collections.Hashtable+KeyCollection","System.Collections.Hashtable+ValueCollection","System.Object","3"
"False","False","False","System.Collections.Hashtable+KeyCollection","System.Collections.Hashtable+ValueCollection","System.Object","3"
"False","False","False","System.Collections.Hashtable+KeyCollection","System.Collections.Hashtable+ValueCollection","System.Object","3"
"False","False","False","System.Collections.Hashtable+KeyCollection","System.Collections.Hashtable+ValueCollection","System.Object","3"
"False","False","False","System.Collections.Hashtable+KeyCollection","System.Collections.Hashtable+ValueCollection","System.Object","3"
"False","False","False","System.Collections.Hashtable+KeyCollection","System.Collections.Hashtable+ValueCollection","System.Object","3"
"False","False","False","System.Collections.Hashtable+KeyCollection","System.Collections.Hashtable+ValueCollection","System.Object","3"
"False","False","False","System.Collections.Hashtable+KeyCollection","System.Collections.Hashtable+ValueCollection","System.Object","3"
"False","False","False","System.Collections.Hashtable+KeyCollection","System.Collections.Hashtable+ValueCollection","System.Object","3"
"False","False","False","System.Collections.Hashtable+KeyCollection","System.Collections.Hashtable+ValueCollection","System.Object","3"
"False","False","False","System.Collections.Hashtable+KeyCollection","System.Collections.Hashtable+ValueCollection","System.Object","3"
"False","False","False","System.Collections.Hashtable+KeyCollection","System.Collections.Hashtable+ValueCollection","System.Object","3"
"False","False","False","System.Collections.Hashtable+KeyCollection","System.Collections.Hashtable+ValueCollection","System.Object","3"
"False","False","False","System.Collections.Hashtable+KeyCollection","System.Collections.Hashtable+ValueCollection","System.Object","3"
"False","False","False","System.Collections.Hashtable+KeyCollection","System.Collections.Hashtable+ValueCollection","System.Object","3"
"False","False","False","System.Collections.Hashtable+KeyCollection","System.Collections.Hashtable+ValueCollection","System.Object","3"
"False","False","False","System.Collections.Hashtable+KeyCollection","System.Collections.Hashtable+ValueCollection","System.Object","3"
"False","False","False","System.Collections.Hashtable+KeyCollection","System.Collections.Hashtable+ValueCollection","System.Object","3"
"False","False","False","System.Collections.Hashtable+KeyCollection","System.Collections.Hashtable+ValueCollection","System.Object","3"
"False","False","False","System.Collections.Hashtable+KeyCollection","System.Collections.Hashtable+ValueCollection","System.Object","3"
"False","False","False","System.Collections.Hashtable+KeyCollection","System.Collections.Hashtable+ValueCollection","System.Object","3"
"False","False","False","System.Collections.Hashtable+KeyCollection","System.Collections.Hashtable+ValueCollection","System.Object","3"
"False","False","False","System.Collections.Hashtable+KeyCollection","System.Collections.Hashtable+ValueCollection","System.Object","3"
"False","False","False","System.Collections.Hashtable+KeyCollection","System.Collections.Hashtable+ValueCollection","System.Object","3"
"False","False","False","System.Collections.Hashtable+KeyCollection","System.Collections.Hashtable+ValueCollection","System.Object","3"
"False","False","False","System.Collections.Hashtable+KeyCollection","System.Collections.Hashtable+ValueCollection","System.Object","3"
"False","False","False","System.Collections.Hashtable+KeyCollection","System.Collections.Hashtable+ValueCollection","System.Object","3"
"False","False","False","System.Collections.Hashtable+KeyCollection","System.Collections.Hashtable+ValueCollection","System.Object","3"
